SET SQL_MODE = "NO_AUTO_VALUE_ON_ZERO";
SET AUTOCOMMIT = 0;
START TRANSACTION;
SET time_zone = "+00:00";


DROP DATABASE IF EXISTS gescom_struct;

CREATE DATABASE gescom_struct;

USE gescom_struct;

DROP TABLE IF EXISTS `categories`;
CREATE TABLE IF NOT EXISTS `categories` (
  `cat_id` int(10) UNSIGNED NOT NULL AUTO_INCREMENT,
  `cat_name` varchar(50) NOT NULL,
  `cat_parent_id` int(10) UNSIGNED DEFAULT NULL,
  PRIMARY KEY (`cat_id`),
  KEY `cat_parent_id` (`cat_parent_id`)
) ENGINE=InnoDB DEFAULT CHARSET=utf8;

DROP TABLE IF EXISTS `countries`;
CREATE TABLE IF NOT EXISTS `countries` (
  `cou_id` char(2) CHARACTER SET utf8 COLLATE utf8_general_ci NOT NULL,
  `cou_name` varchar(45) CHARACTER SET utf8 COLLATE utf8_general_ci NOT NULL,
  UNIQUE KEY `alpha2` (`cou_id`)
) ENGINE=InnoDB DEFAULT CHARSET=utf8;

DROP TABLE IF EXISTS `customers`;
CREATE TABLE IF NOT EXISTS `customers` (
  `cus_id` int(10) UNSIGNED NOT NULL AUTO_INCREMENT,
  `cus_lastname` varchar(50) NOT NULL,
  `cus_firstname` varchar(50) NOT NULL,
  `cus_address` varchar(150) NOT NULL,
  `cus_zipcode` varchar(5) NOT NULL,
  `cus_city` varchar(50) NOT NULL,
  `cus_countries_id` char(2) NOT NULL,
  `cus_mail` varchar(255) CHARACTER SET utf8 COLLATE utf8_general_ci NOT NULL,
  `cus_phone` int(10) UNSIGNED NOT NULL,
  `cus_password` varchar(60) NOT NULL,
  `cus_add_date` datetime NOT NULL,
  `cus_update_date` datetime DEFAULT NULL,
  PRIMARY KEY (`cus_id`),
  KEY `ibfk_customers_countries` (`cus_countries_id`)
) ENGINE=InnoDB DEFAULT CHARSET=utf8;

DROP TABLE IF EXISTS `employees`;
CREATE TABLE IF NOT EXISTS `employees` (
  `emp_id` int(10) UNSIGNED NOT NULL AUTO_INCREMENT,
  `emp_superior_id` int(10) UNSIGNED DEFAULT NULL,
  `emp_pos_id` int(10) UNSIGNED NOT NULL,
  `emp_lastname` varchar(50) CHARACTER SET utf8 COLLATE utf8_general_ci NOT NULL,
  `emp_firstname` varchar(50) CHARACTER SET utf8 COLLATE utf8_general_ci NOT NULL,
  `emp_address` varchar(150) CHARACTER SET utf8 COLLATE utf8_general_ci NOT NULL,
  `emp_zipcode` varchar(5) CHARACTER SET utf8 COLLATE utf8_general_ci NOT NULL,
  `emp_city` varchar(50) CHARACTER SET utf8 COLLATE utf8_general_ci NOT NULL,
  `emp_mail` varchar(255) CHARACTER SET utf8 COLLATE utf8_general_ci NOT NULL,
  `emp_phone` int(10) UNSIGNED NOT NULL,
  `emp_salary` int(10) UNSIGNED DEFAULT NULL,
  `emp_enter_date` date NOT NULL,
  `emp_gender` char(1) NOT NULL,
  `emp_children` tinyint(2) NOT NULL,
  PRIMARY KEY (`emp_id`),
  KEY `emp_superior_id` (`emp_superior_id`),
  KEY `emp_pos_id` (`emp_pos_id`)
) ENGINE=InnoDB DEFAULT CHARSET=utf8;

DROP TABLE IF EXISTS `orders`;
CREATE TABLE IF NOT EXISTS `orders` (
  `ord_id` int(10) UNSIGNED NOT NULL AUTO_INCREMENT,
  `ord_order_date` date NOT NULL,
  `ord_payment_date` date DEFAULT NULL,
  `ord_ship_date` date DEFAULT NULL,
  `ord_reception_date` date DEFAULT NULL,
  `ord_status` varchar(25) NOT NULL,
  `ord_cus_id` int(10) UNSIGNED NOT NULL,
  PRIMARY KEY (`ord_id`),
  KEY `ord_cus_id` (`ord_cus_id`) USING BTREE
) ENGINE=InnoDB DEFAULT CHARSET=utf8;

DROP TABLE IF EXISTS `orders_details`;
CREATE TABLE IF NOT EXISTS `orders_details` (
  `ode_id` int(10) UNSIGNED NOT NULL AUTO_INCREMENT,
  `ode_unit_price` decimal(7,2) NOT NULL,
  `ode_discount` decimal(4,2) DEFAULT NULL,
  `ode_quantity` int(5) NOT NULL,
  `ode_ord_id` int(10) UNSIGNED NOT NULL,
  `ode_pro_id` int(10) UNSIGNED NOT NULL,
  PRIMARY KEY (`ode_id`),
  KEY `ode_ord_id` (`ode_ord_id`) USING BTREE,
  KEY `ode_pro_id` (`ode_pro_id`) USING BTREE
) ENGINE=InnoDB DEFAULT CHARSET=utf8;

DROP TABLE IF EXISTS `posts`;
CREATE TABLE IF NOT EXISTS `posts` (
  `pos_id` int(10) UNSIGNED NOT NULL AUTO_INCREMENT,
  `pos_libelle` varchar(30) CHARACTER SET utf8 COLLATE utf8_general_ci NOT NULL,
  PRIMARY KEY (`pos_id`)
) ENGINE=InnoDB DEFAULT CHARSET=utf8;

DROP TABLE IF EXISTS `products`;
CREATE TABLE IF NOT EXISTS `products` (
  `pro_id` int(10) UNSIGNED NOT NULL AUTO_INCREMENT,
  `pro_cat_id` int(10) UNSIGNED NOT NULL,
  `pro_price` decimal(7,2) NOT NULL,
  `pro_ref` varchar(8) CHARACTER SET utf8 COLLATE utf8_general_ci NOT NULL,
  `pro_ean` varchar(13) CHARACTER SET utf8 COLLATE utf8_general_ci DEFAULT NULL,
  `pro_stock` int(5) UNSIGNED NOT NULL,
  `pro_stock_alert` int(5) UNSIGNED NOT NULL,
  `pro_color` varchar(30) CHARACTER SET utf8 COLLATE utf8_general_ci NOT NULL,
  `pro_name` varchar(50) CHARACTER SET utf8 COLLATE utf8_general_ci NOT NULL,
  `pro_desc` text CHARACTER SET utf8 COLLATE utf8_general_ci NOT NULL,
  `pro_publish` tinyint(1) NOT NULL,
  `pro_sup_id` int(10) UNSIGNED NOT NULL,
  `pro_add_date` datetime NOT NULL,
  `pro_update_date` datetime DEFAULT NULL,
  `pro_picture` varchar(50) DEFAULT NULL,
  PRIMARY KEY (`pro_id`),
  KEY `pro_sup_id` (`pro_sup_id`) USING BTREE,
  KEY `pro_cat_id` (`pro_cat_id`) USING BTREE
) ENGINE=InnoDB DEFAULT CHARSET=utf8;

DROP TABLE IF EXISTS `suppliers`;
CREATE TABLE IF NOT EXISTS `suppliers` (
  `sup_id` int(10) UNSIGNED NOT NULL AUTO_INCREMENT,
  `sup_name` varchar(50) CHARACTER SET utf8 COLLATE utf8_general_ci NOT NULL,
  `sup_city` varchar(50) CHARACTER SET utf8 COLLATE utf8_general_ci NOT NULL,
  `sup_countries_id` char(2) NOT NULL,
  `sup_address` varchar(150) NOT NULL,
  `sup_zipcode` varchar(5) CHARACTER SET utf8 COLLATE utf8_general_ci NOT NULL,
  `sup_contact` varchar(100) NOT NULL,
  `sup_phone` varchar(10) CHARACTER SET utf8 COLLATE utf8_general_ci NOT NULL,
  `sup_mail` varchar(75) NOT NULL,
  PRIMARY KEY (`sup_id`),
  KEY `sup_countries_id` (`sup_countries_id`)
) ENGINE=InnoDB DEFAULT CHARSET=utf8;

ALTER TABLE `categories`
  ADD CONSTRAINT `categories_ibfk_1` FOREIGN KEY (`cat_parent_id`) REFERENCES `categories` (`cat_id`);
ALTER TABLE `customers`
  ADD CONSTRAINT `ibfk_customers_countries` FOREIGN KEY (`cus_countries_id`) REFERENCES `countries` (`cou_id`);
ALTER TABLE `employees`
  ADD CONSTRAINT `employees_ibfk_1` FOREIGN KEY (`emp_superior_id`) REFERENCES `employees` (`emp_id`),
  ADD CONSTRAINT `employees_ibfk_2` FOREIGN KEY (`emp_pos_id`) REFERENCES `posts` (`pos_id`);
ALTER TABLE `orders`
  ADD CONSTRAINT `orders_ibfk_1` FOREIGN KEY (`ord_cus_id`) REFERENCES `customers` (`cus_id`);
ALTER TABLE `orders_details`
  ADD CONSTRAINT `orders_details_ibfk_1` FOREIGN KEY (`ode_ord_id`) REFERENCES `orders` (`ord_id`),
  ADD CONSTRAINT `orders_details_ibfk_2` FOREIGN KEY (`ode_pro_id`) REFERENCES `products` (`pro_id`);
ALTER TABLE `products`
  ADD CONSTRAINT `products_ibfk_1` FOREIGN KEY (`pro_sup_id`) REFERENCES `suppliers` (`sup_id`),
  ADD CONSTRAINT `products_ibfk_2` FOREIGN KEY (`pro_cat_id`) REFERENCES `categories` (`cat_id`);
ALTER TABLE `suppliers`
  ADD CONSTRAINT `suppliers_ibfk_1` FOREIGN KEY (`sup_countries_id`) REFERENCES `countries` (`cou_id`);
COMMIT;

INSERT INTO categories (cat_name, cat_parent_id) VALUES
('Ustensiles', 1),
('Couteaux', 1),
('Meubles', 1),
('Vélo', 1),
('Sport', 1),
('Football', 1),
('Electricité', 1),
('Nourriture', 1),
('Portes', 2),
('Portails', 2),
('Vélux', 2),
('Chambre', 2),
('Cuisine', 1),
('Ventilateur', 1),
('Climatisation', 1),
('Stores', 1),
('Fourchettes', 1),
('Cuillères', 1),
('Salledebain', 1),
('Jeux', 1),
('Bateau', 1),
('ctrlaltt', 1),
('ctrlsuperd', 1),
('Super', 1),
('Vénus', 1),
('Rapides', 1),
('Boissons', 1),
('Arrosoir', 1);
INSERT INTO countries (cou_id, cou_name) VALUES
("AD",	"Andorre"),
("AE",	"Émirats Arabes Unis"),
("AF",	"Afghanistan"),
("AG",	"Antigua-et-Barbuda"),
("AI",	"Anguilla"),
("AL",	"Albanie"),
("AM",	"Arménie"),
("AN",	"Antilles Néerlandaises"),
("AO",	"Angola"),
("AQ",	"Antarctique"),
("AR",	"Argentine"),
("AS",	"Samoa Américaines"),
("AT",	"Autriche"),
("AU",	"Australie"),
("AW",	"Aruba"),
("AX",	"Îles Åland"),
("AZ",	"Azerbaïdjan"),
("BA",	"Bosnie-Herzégovine"),
("BB",	"Barbade"),
("BD",	"Bangladesh"),
("BE",	"Belgique"),
("BF",	"Burkina Faso"),
("BG",	"Bulgarie"),
("BH",	"Bahreïn"),
("BI",	"Burundi"),
("BJ",	"Bénin"),
("BM",	"Bermudes"),
("BN",	"Brunéi Darussalam"),
("BO",	"Bolivie"),
("BR",	"Brésil"),
("BS",	"Bahamas"),
("BT",	"Bhoutan"),
("BV",	"Île Bouvet"),
("BW",	"Botswana"),
("BY",	"Bélarus"),
("BZ",	"Belize"),
("CA",	"Canada"),
("CC",	"Îles Cocos (Keeling)"),
("CD",	"République Démocratique du Congo"),
("CF",	"République Centrafricaine"),
("CG",	"République du Congo"),
("CH",	"Suisse"),
("CI",	"Côte d'Ivoire"),
("CK",	"Îles Cook"),
("CL",	"Chili"),
("CM",	"Cameroun"),
("CN",	"Chine"),
("CO",	"Colombie"),
("CR",	"Costa Rica"),
("CS",	"Serbie-et-Monténégro"),
("CU",	"Cuba"),
("CV",	"Cap-vert"),
("CX",	"Île Christmas"),
("CY",	"Chypre"),
("CZ",	"République Tchèque"),
("DE",	"Allemagne"),
("DJ",	"Djibouti"),
("DK",	"Danemark"),
("DM",	"Dominique"),
("DO",	"République Dominicaine"),
("DZ",	"Algérie"),
("EC",	"Équateur"),
("EE",	"Estonie"),
("EG",	"Égypte"),
("EH",	"Sahara Occidental"),
("ER",	"Érythrée"),
("ES",	"Espagne"),
("ET",	"Éthiopie"),
("FI",	"Finlande"),
("FJ",	"Fidji"),
("FK",	"Îles (malvinas) Falkland"),
("FM",	"États Fédérés de Micronésie"),
("FO",	"Îles Féroé"),
("FR",	"France"),
("GA",	"Gabon"),
("GB",	"Royaume-Uni"),
("GD",	"Grenade"),
("GE",	"Géorgie"),
("GF",	"Guyane Française"),
("GH",	"Ghana"),
("GI",	"Gibraltar"),
("GL",	"Groenland"),
("GM",	"Gambie"),
("GN",	"Guinée"),
("GP",	"Guadeloupe"),
("GQ",	"Guinée Équatoriale"),
("GR",	"Grèce"),
("GS",	"Géorgie du Sud et les Îles Sandwich du Sud"),
("GT",	"Guatemala"),
("GU",	"Guam"),
("GW",	"Guinée-Bissau"),
("GY",	"Guyana"),
("HK",	"Hong-Kong"),
("HM",	"Îles Heard et Mcdonald"),
("HN",	"Honduras"),
("HR",	"Croatie"),
("HT",	"Haïti"),
("HU",	"Hongrie"),
("ID",	"Indonésie"),
("IE",	"Irlande"),
("IL",	"Israël"),
("IM",	"Île de Man"),
("IN",	"Inde"),
("IO",	"Territoire Britannique de l'Océan Indien"),
("IQ",	"Iraq"),
("IR",	"République Islamique d'Iran"),
("IS",	"Islande"),
("IT",	"Italie"),
("JM",	"Jamaïque"),
("JO",	"Jordanie"),
("JP",	"Japon"),
("KE",	"Kenya"),
("KG",	"Kirghizistan"),
("KH",	"Cambodge"),
("KI",	"Kiribati"),
("KM",	"Comores"),
("KN",	"Saint-Kitts-et-Nevis"),
("KP",	"République Populaire Démocratique de Corée"),
("KR",	"République de Corée"),
("KW",	"Koweït"),
("KY",	"Îles Caïmanes"),
("KZ",	"Kazakhstan"),
("LA",	"République Démocratique Populaire Lao"),
("LB",	"Liban"),
("LC",	"Sainte-Lucie"),
("LI",	"Liechtenstein"),
("LK",	"Sri Lanka"),
("LR",	"Libéria"),
("LS",	"Lesotho"),
("LT",	"Lituanie"),
("LU",	"Luxembourg"),
("LV",	"Lettonie"),
("LY",	"Jamahiriya Arabe Libyenne"),
("MA",	"Maroc"),
("MC",	"Monaco"),
("MD",	"République de Moldova"),
("MG",	"Madagascar"),
("MH",	"Îles Marshall"),
("MK",	"L'ex-République Yougoslave de Macédoine"),
("ML",	"Mali"),
("MM",	"Myanmar"),
("MN",	"Mongolie"),
("MO",	"Macao"),
("MP",	"Îles Mariannes du Nord"),
("MQ",	"Martinique"),
("MR",	"Mauritanie"),
("MS",	"Montserrat"),
("MT",	"Malte"),
("MU",	"Maurice"),
("MV",	"Maldives"),
("MW",	"Malawi"),
("MX",	"Mexique"),
("MY",	"Malaisie"),
("MZ",	"Mozambique"),
("NA",	"Namibie"),
("NC",	"Nouvelle-Calédonie"),
("NE",	"Niger"),
("NF",	"Île Norfolk"),
("NG",	"Nigéria"),
("NI",	"Nicaragua"),
("NL",	"Pays-Bas"),
("NO",	"Norvège"),
("NP",	"Népal"),
("NR",	"Nauru"),
("NU",	"Niué"),
("NZ",	"Nouvelle-Zélande"),
("OM",	"Oman"),
("PA",	"Panama"),
("PE",	"Pérou"),
("PF",	"Polynésie Française"),
("PG",	"Papouasie-Nouvelle-Guinée"),
("PH",	"Philippines"),
("PK",	"Pakistan"),
("PL",	"Pologne"),
("PM",	"Saint-Pierre-et-Miquelon"),
("PN",	"Pitcairn"),
("PR",	"Porto Rico"),
("PS",	"Territoire Palestinien Occupé"),
("PT",	"Portugal"),
("PW",	"Palaos"),
("PY",	"Paraguay"),
("QA",	"Qatar"),
("RE",	"Réunion"),
("RO",	"Roumanie"),
("RU",	"Fédération de Russie"),
("RW",	"Rwanda"),
("SA",	"Arabie Saoudite"),
("SB",	"Îles Salomon"),
("SC",	"Seychelles"),
("SD",	"Soudan"),
("SE",	"Suède"),
("SG",	"Singapour"),
("SH",	"Sainte-Hélène"),
("SI",	"Slovénie"),
("SJ",	"Svalbard etÎle Jan Mayen"),
("SK",	"Slovaquie"),
("SL",	"Sierra Leone"),
("SM",	"Saint-Marin"),
("SN",	"Sénégal"),
("SO",	"Somalie"),
("SR",	"Suriname"),
("ST",	"Sao Tomé-et-Principe"),
("SV",	"El Salvador"),
("SY",	"République Arabe Syrienne"),
("SZ",	"Swaziland"),
("TC",	"Îles Turks et Caïques"),
("TD",	"Tchad"),
("TF",	"Terres Australes Françaises"),
("TG",	"Togo"),
("TH",	"Thaïlande"),
("TJ",	"Tadjikistan"),
("TK",	"Tokelau"),
("TL",	"Timor-Leste"),
("TM",	"Turkménistan"),
("TN",	"Tunisie"),
("TO",	"Tonga"),
("TR",	"Turquie"),
("TT",	"Trinité-et-Tobago"),
("TV",	"Tuvalu"),
("TW",	"Taïwan"),
("TZ",	"République-Unie de Tanzanie"),
("UA",	"Ukraine"),
("UG",	"Ouganda"),
("UM",	"Îles Mineures Éloignées des États-Unis"),
("US",	"États-Unis"),
("UY",	"Uruguay"),
("UZ",	"Ouzbékistan"),
("VA",	"Saint-Siège (état de la Cité du Vatican)"),
("VC",	"Saint-Vincent-et-les Grenadines"),
("VE",	"Venezuela"),
("VG",	"Îles Vierges Britanniques"),
("VI",	"Îles Vierges des États-Unis"),
("VN",	"Viet Nam"),
("VU",	"Vanuatu"),
("WF",	"Wallis et Futuna"),
("WS",	"Samoa"),
("YE",	"Yémen"),
("YT",	"Mayotte"),
("ZA",	"Afrique du Sud"),
("ZM",	"Zambie"),
("ZW",	"Zimbabwe");
INSERT INTO suppliers (sup_name, sup_city, sup_countries_id, sup_address, sup_zipcode, sup_contact, sup_phone, sup_mail) VALUES
('Dev', 'Paris', 'FR', 'Road', '452', 'phone', '333', 'dev@' ),
('Mec', 'Luxembourg', 'LU', 'Road', '452', 'phone', '333', 'dev@' ),
('Super', 'Madrid', 'ES', 'Road', '452', 'phone', '333', 'dev@' ),
('Ultra', 'Barça', 'ES', 'Road', '452', 'phone', '333', 'dev@' );
INSERT INTO products (pro_id, pro_cat_id, pro_price, pro_ref, pro_ean, pro_stock, pro_stock_alert, pro_color, pro_name, pro_desc, pro_publish, pro_sup_id, pro_add_date, pro_update_date, pro_picture) VALUES
(7, 27, 110.00, 'barb001', NULL, 2, 5, 'Brun', 'Aramis', 'lorem', 0, 4, '2018-04-18 00:00:00', '2018-11-14 00:00:00', 'jpg'),
(8, 27, 249.99, 'barb002', NULL, 0, 5, 'Noir', 'Athos', 'lorem', 0, 4, '2016-06-14 00:00:00', NULL, 'jpg'),
(10, 2, 14.99, 'SEC-B', NULL, 16, 5, 'Rouge', 'Red', 'lorem', 0, 3, '2018-08-05 00:00:00', NULL, 'jpg'),
(11, 27, 135.90, 'barb003', NULL, 10, 5, 'Chrome', 'Clatronic', 'lorem', 0, 4, '2017-10-18 00:00:00', '2018-08-23 00:00:00', 'jpg'),
(12, 27, 88.00,	'barb004', NULL, 5,	5, 'Noir', 'Camping', 'lorem', 1, 4, '2018-08-20 00:00:00', NULL, 'jpg'),
(13, 13, 49.00, 'brou001', NULL, 25, 5, 'Verte', 'Green', 'lorem', 0, 2, '2018-08-01 00:00:00', NULL, 'jpg'),
(14, 13, 88.00, 'brou002', NULL, 0,	5, 'Argent', 'Silver', 'lorem', 1, 2, '2018-08-09 00:00:00', '2018-08-22 00:00:00', 'jpg'),
(15, 13, 54.49, 'brou003', NULL, 3,	5, 'Jaune', 'Yellow', 'lorem', 0, 2, '2018-08-12 00:00:00',	NULL, 'jpg'),
(16, 2, 19.90, 'GA410', NULL, 50, 5, 'Gris', 'Bêche GA 410', 'lorem', 0, 2, '2018-08-13 00:00:00', NULL, 'png'),
(17, 2,	24.90, 'beche002', NULL, 1,	5, 'Argent', 'Bêche GA 388', 'lorem', 0, 2, '2018-03-15 00:00:00', NULL, 'png'),
(18, 2,	31.19, 'scm0555', NULL,	0, 5, 'Bleue', 'Scie à main SCM0555', 'lorem', 0, 2, '2018-08-19 00:00:00', NULL, 'png'),
(19, 2,	14.90, 'scm559', NULL, 4, 5, 'Bleu', 'Scie couteau', 'lorem', 0, 2, '2018-04-13 00:00:00', NULL, 'png'),
(20, 2,	31.19, 'h0662', NULL, 0, 5,	'Noir', 'Hache H062', 'lorem', 0, 2, '2018-08-12 00:00:00',	NULL, 'png'),
(21, 11, 599.99, 'DB0703', NULL, 4, 5, 'Bleue',	'Titan', 'lorem', 0, 3, '1999-08-26 00:00:00', NULL, 'png'),
(22, 11, 499.99, 'DB0755', NULL, 0,	5, 'Bleue',	'Attila', 'lorem', 0, 3, '2018-05-16 00:00:00',	NULL, 'png'),
(23, 28, 12.00, 'LAM121', NULL, 0, 5, 'Rouge', 'Aquitaine', 'lorem', 0, 2, '2018-03-17 00:00:00', NULL, 'jpg'),
(24, 28, 9.98, 'LAM233', NULL, 500,5, 'Brun', 'Brown', 'lorem', 0, 2, '2018-03-17 00:00:00', NULL, 'jpg'),
(25, 25, 157.00, 'PRS-01C', NULL, 5, 5,	'Brun', 'Biarritz', 'lorem', 0,	2, '2018-08-19 00:00:00', NULL, 'jpg'),
(26, 25, 299.40, 'PRS-38A', NULL, 4, 5,	'Rose',	'Cannes', 'lorem', 0, 2, '2018-08-12 00:00:00', NULL, 'jpg'),
(27, 25, 89.00, 'PRS-87F', NULL, 21, 5,	'Rouge', 'Crotoy', 'lorem', 0, 2, '2018-04-12 00:00:00', '2018-08-21 00:00:00', 'jpg'),
(28, 21, 288.32, 'POT_001', NULL, 11, 5, 'Orange', 'Agave', 'lorem', 0, 1, '2017-11-12 00:00:00', NULL, 'jpg'),
(29, 21, 32.50, 'POT-002', NULL, 45, 5,	'Noir',	'Dark', 'lorem', 0, 1, '2018-08-19 00:00:00', NULL, 'jpg'),
(30, 21, 149.97, 'POT_003', NULL, 0, 5,	'Rose',	'Fuschia', 'lorem', 0, 1, '2018-03-04 00:00:00', NULL, 'jpg'),
(31, 6, 245.00, 'POT-381', NULL, 10, 5,	'Marron', 'Iris', 'lorem', 0, 1, '2017-04-16 00:00:00',	NULL, 'jpg'),
(32, 2, 9.90, 'SEC-A', NULL, 280,5, 'Orange', 'Bahco', 'lorem', 0, 3, '2018-08-14 00:00:00', NULL, 'jpg'),
(34, 10, 335.00, 'ENH0335', NULL, 1, 5,	'Rouge', 'Einhell', 'lorem', 0, 4, '2018-05-17 00:00:00', NULL, 'jpg'),
(35, 10, 990.00, 'GRIZ_001', NULL, 1, 5, 'Chrome', 'Grizzly', 'lorem', 0, 4, '2018-08-05 00:00:00',	'2020-05-05 00:00:00', 'jpg'),
(36, 9, 75.00, 'HERO', NULL, 7, 5, 'Vert', 'Hero', 'lorem', 0, 4, '2018-08-13 00:00:00', NULL, 'jpg'),
(37, 9, 120.50, 'SL1280', NULL,	5, 5, 'Vert', 'SL 1280', 'lorem', 0, 4, '2018-08-05 00:00:00', '2018-08-22 00:00:00', 'jpg'),
(38, 10, 348.00, '6cv', NULL, 2, 5, 'Rouge', 'Red 6CV', 'lorem', 0, 4, '2018-08-16 00:00:00', '2018-08-21 00:00:00', 'jpg'),
(39, 10, 497.00, 'TRIKE', NULL,	1, 5, 'Rouge', 'Trike', 'lorem', 0, 4, '2018-08-21 00:00:00', '2018-08-21 10:05:51', 'jpg'),
(41, 9, 49.80, 'ZOOM', NULL, 223,5,	'Gris',	'Zoom', 'lorem', 0, 4, '2018-08-13 00:00:00', NULL, 'jpg'),
(42, 10, 1.20, 'waz1', NULL, 123,5,	'rouge', 'wazaa', 'lorem', 0, 4, '2019-05-03 00:00:00', NULL, 'jpg');
INSERT INTO customers (cus_lastname, cus_firstname, cus_address, cus_zipcode, cus_city, cus_countries_id, cus_mail, cus_phone, cus_password, cus_add_date, cus_update_date) VALUES
('Eric', 'LeGrand', 'Road', '5000', 'Lille', 'FR', 'ericlegrand@gmail.com', 0598878440, 'animalgirafe', '27-05-2001', '27-05-2001'),
('Gilles', 'DuBois', 'Road', '5000', 'Lille', 'FR', 'gillesdubois@gmail.com', 0595878440, 'bucheronsauvage123', '27-05-2001', '27-05-2001'),
('Patrick', 'LaVallée', 'Road', '5000', 'Lille', 'FR', 'patricklavallee@hotmail.com', 0593878440, 'bellevue12', '27-05-2001', '27-05-2001'),
('Léa', 'LaDanse', 'Road', '5000', 'Lille', 'FR', 'lealadanse@gmail.com', 0550878440, 'ballerine', '27-05-2001', '27-05-2001');
INSERT INTO orders (ord_order_date, ord_payment_date, ord_ship_date, ord_reception_date, ord_status, ord_cus_id) VALUES
('27-05-2000', '27-05-2000', '27-05-2000', '27-05-2000', 'Delivery', 1),
('27-05-2000', '27-05-2000', '27-05-2000', '27-05-2000', 'Delivery', 1),
('27-05-2000', '27-05-2000', '27-05-2000', '27-05-2000', 'Delivery', 2),
('27-05-2000', '27-05-2000', '27-05-2000', '27-05-2000', 'Delivery', 1),
('27-05-2000', '27-05-2000', '27-05-2000', '27-05-2000', 'Delivery', 1),
('27-05-2000', '27-05-2000', '27-05-2000', '27-05-2000', 'Delivery', 1),
('27-05-2000', '27-05-2000', '27-05-2000', '27-05-2000', 'Delivery', 3),
('27-05-2000', '27-05-2000', '27-05-2000', '27-05-2000', 'Delivery', 1),
('27-05-2000', '27-05-2000', '27-05-2000', '27-05-2000', 'Delivery', 1),
('27-05-2000', '27-05-2000', '27-05-2000', '27-05-2000', 'Delivery', 1),
('27-05-2000', '27-05-2000', '27-05-2000', '27-05-2000', 'Delivery', 1),
('27-05-2000', '27-05-2000', '27-05-2000', '27-05-2000', 'Delivery', 1),
('27-05-2000', '27-05-2000', '27-05-2000', '27-05-2000', 'Delivery', 1),
('27-05-2000', '27-05-2000', '27-05-2000', '27-05-2000', 'Delivery', 1),
('27-05-2000', '27-05-2000', '27-05-2000', '27-05-2000', 'Delivery', 1),
('27-05-2000', '27-05-2000', '27-05-2000', '27-05-2000', 'Delivery', 4),
('27-05-2000', '27-05-2000', '27-05-2000', '27-05-2000', 'Delivery', 1),
('27-05-2000', '27-05-2000', '27-05-2000', '27-05-2000', 'Delivery', 1),
('27-05-2000', '27-05-2000', '27-05-2000', '27-05-2000', 'Delivery', 1),
('27-05-2000', '27-05-2000', '27-05-2000', '27-05-2000', 'Delivery', 1),
('27-05-2000', '27-05-2000', '27-05-2000', '27-05-2000', 'Delivery', 2),
('27-05-2000', '27-05-2000', '27-05-2000', '27-05-2000', 'Delivery', 1),
('27-05-2000', '27-05-2000', '27-05-2000', '27-05-2000', 'Delivery', 1),
('27-05-2000', '27-05-2000', '27-05-2000', '27-05-2000', 'Delivery', 1),
('27-05-2000', '27-05-2000', '27-05-2000', '27-05-2000', 'Delivery', 1),
('27-05-2000', '27-05-2000', '27-05-2000', '27-05-2000', 'Delivery', 1),
('27-05-2000', '27-05-2000', '27-05-2000', '27-05-2000', 'Delivery', 1),
('27-05-2000', '27-05-2000', '27-05-2000', '27-05-2000', 'Delivery', 1),
('27-05-2000', '27-05-2000', '27-05-2000', '27-05-2000', 'Delivery', 1),
('27-05-2000', '27-05-2000', '27-05-2000', '27-05-2000', 'Delivery', 1),
('27-05-2000', '27-05-2000', '27-05-2000', '27-05-2000', 'Delivery', 1),
('27-05-2000', '27-05-2000', '27-05-2000', '27-05-2000', 'Delivery', 1),
('27-05-2000', '27-05-2000', '27-05-2000', '27-05-2000', 'Delivery', 1),
('27-05-2000', '27-05-2000', '27-05-2000', '27-05-2000', 'Delivery', 1),
('27-05-2000', '27-05-2000', '27-05-2000', '27-05-2000', 'Delivery', 1),
('27-05-2000', '27-05-2000', '27-05-2000', '27-05-2000', 'Delivery', 1),
('27-05-2000', '27-05-2000', '27-05-2000', '27-05-2000', 'Delivery', 1),
('27-05-2000', '27-05-2000', '27-05-2000', '27-05-2000', 'Delivery', 1),
('27-05-2000', '27-05-2000', '27-05-2000', '27-05-2000', 'Delivery', 1),
('27-05-2000', '27-05-2000', '27-05-2000', '27-05-2000', 'Delivery', 1),
('27-05-2000', '27-05-2000', '27-05-2000', '27-05-2000', 'Delivery', 2),
('27-05-2000', '27-05-2000', '27-05-2000', '27-05-2000', 'Delivery', 1),
('27-05-2000', '27-05-2000', '27-05-2000', '27-05-2000', 'Delivery', 1),
('27-05-2000', '27-05-2000', '27-05-2000', '27-05-2000', 'Delivery', 1),
('27-05-2000', '27-05-2000', '27-05-2000', '27-05-2000', 'Delivery', 1),
('27-05-2000', '27-05-2000', '27-05-2000', '27-05-2000', 'Delivery', 1),
('27-05-2000', '27-05-2000', '27-05-2000', '27-05-2000', 'Delivery', 1),
('27-05-2000', '27-05-2000', '27-05-2000', '27-05-2000', 'Delivery', 1),
('27-05-2000', '27-05-2000', '27-05-2000', '27-05-2000', 'Delivery', 1),
('27-05-2000', '27-05-2000', '27-05-2000', '27-05-2000', 'Delivery', 1),
('27-05-2000', '27-05-2000', '27-05-2000', '27-05-2000', 'Delivery', 1),
('27-05-2000', '27-05-2000', '27-05-2000', '27-05-2000', 'Delivery', 1),
('27-05-2000', '27-05-2000', '27-05-2000', '27-05-2000', 'Delivery', 1),
('27-05-2000', '27-05-2000', '27-05-2000', '27-05-2000', 'Delivery', 1),
('27-05-2000', '27-05-2000', '27-05-2000', '27-05-2000', 'Delivery', 1),
('27-05-2000', '27-05-2000', '27-05-2000', '27-05-2000', 'Delivery', 1),
('27-05-2000', '27-05-2000', '27-05-2000', '27-05-2000', 'Delivery', 1),
('27-05-2000', '27-05-2000', '27-05-2000', '27-05-2000', 'Delivery', 1),
('27-05-2000', '27-05-2000', '27-05-2000', '27-05-2000', 'Delivery', 1),
('27-05-2000', '27-05-2000', '27-05-2000', '27-05-2000', 'Delivery', 2),
('27-05-2000', '27-05-2000', '27-05-2000', '27-05-2000', 'Delivery', 1),
('27-05-2000', '27-05-2000', '27-05-2000', '27-05-2000', 'Delivery', 1),
('27-05-2000', '27-05-2000', '27-05-2000', '27-05-2000', 'Delivery', 1),
('27-05-2000', '27-05-2000', '27-05-2000', '27-05-2000', 'Delivery', 1),
('27-05-2000', '27-05-2000', '27-05-2000', '27-05-2000', 'Delivery', 1),
('27-05-2000', '27-05-2000', '27-05-2000', '27-05-2000', 'Delivery', 1),
('27-05-2000', '27-05-2000', '27-05-2000', '27-05-2000', 'Delivery', 1),
('27-05-2000', '27-05-2000', '27-05-2000', '27-05-2000', 'Delivery', 1),
('27-05-2000', '27-05-2000', '27-05-2000', '27-05-2000', 'Delivery', 1),
('27-05-2000', '27-05-2000', '27-05-2000', '27-05-2000', 'Delivery', 1),
('27-05-2000', '27-05-2000', '27-05-2000', '27-05-2000', 'Delivery', 1),
('27-05-2000', '27-05-2000', '27-05-2000', '27-05-2000', 'Delivery', 1),
('27-05-2000', '27-05-2000', '27-05-2000', '27-05-2000', 'Delivery', 1),
('27-05-2000', '27-05-2000', '27-05-2000', '27-05-2000', 'Delivery', 1),
('27-05-2000', '27-05-2000', '27-05-2000', '27-05-2000', 'Delivery', 1),
('27-05-2000', '27-05-2000', '27-05-2000', '27-05-2000', 'Delivery', 1),
('27-05-2000', '27-05-2000', '27-05-2000', '27-05-2000', 'Delivery', 1),
('27-05-2000', '27-05-2000', '27-05-2000', '27-05-2000', 'Delivery', 1),
('27-05-2000', '27-05-2000', '27-05-2000', '27-05-2000', 'Delivery', 2),
('27-05-2000', '27-05-2000', '27-05-2000', '27-05-2000', 'Delivery', 1),
('27-05-2000', '27-05-2000', '27-05-2000', '27-05-2000', 'Delivery', 1),
('27-05-2000', '27-05-2000', '27-05-2000', '27-05-2000', 'Delivery', 1),
('27-05-2000', '27-05-2000', '27-05-2000', '27-05-2000', 'Delivery', 1),
('27-05-2000', '27-05-2000', '27-05-2000', '27-05-2000', 'Delivery', 1),
('27-05-2000', '27-05-2000', '27-05-2000', '27-05-2000', 'Delivery', 1),
('27-05-2000', '27-05-2000', '27-05-2000', '27-05-2000', 'Delivery', 1),
('27-05-2000', '27-05-2000', '27-05-2000', '27-05-2000', 'Delivery', 1),
('27-05-2000', '27-05-2000', '27-05-2000', '27-05-2000', 'Delivery', 1),
('27-05-2000', '27-05-2000', '27-05-2000', '27-05-2000', 'Delivery', 1),
('27-05-2000', '27-05-2000', '27-05-2000', '27-05-2000', 'Delivery', 1),
('27-05-2000', '27-05-2000', '27-05-2000', '27-05-2000', 'Delivery', 1),
('27-05-2000', '27-05-2000', '27-05-2000', '27-05-2000', 'Delivery', 1),
('27-05-2000', '27-05-2000', '27-05-2000', '27-05-2000', 'Delivery', 1),
('27-05-2000', '27-05-2000', '27-05-2000', '27-05-2000', 'Delivery', 1),
('27-05-2000', '27-05-2000', '27-05-2000', '27-05-2000', 'Delivery', 1),
('27-05-2000', '27-05-2000', '27-05-2000', '27-05-2000', 'Delivery', 1),
('27-05-2000', '27-05-2000', '27-05-2000', '27-05-2000', 'Delivery', 1),
('27-05-2000', '27-05-2000', '27-05-2000', '27-05-2000', 'Delivery', 2),
('27-05-2000', '27-05-2000', '27-05-2000', '27-05-2000', 'Delivery', 1),
('27-05-2000', '27-05-2000', '27-05-2000', '27-05-2000', 'Delivery', 1),
('27-05-2000', '27-05-2000', '27-05-2000', '27-05-2000', 'Delivery', 1),
('27-05-2000', '27-05-2000', '27-05-2000', '27-05-2000', 'Delivery', 1),
('27-05-2000', '27-05-2000', '27-05-2000', '27-05-2000', 'Delivery', 1),
('27-05-2000', '27-05-2000', '27-05-2000', '27-05-2000', 'Delivery', 1),
('27-05-2000', '27-05-2000', '27-05-2000', '27-05-2000', 'Delivery', 1),
('27-05-2000', '27-05-2000', '27-05-2000', '27-05-2000', 'Delivery', 1),
('27-05-2000', '27-05-2000', '27-05-2000', '27-05-2000', 'Delivery', 1),
('27-05-2000', '27-05-2000', '27-05-2000', '27-05-2000', 'Delivery', 1),
('27-05-2000', '27-05-2000', '27-05-2000', '27-05-2000', 'Delivery', 1),
('27-05-2000', '27-05-2000', '27-05-2000', '27-05-2000', 'Delivery', 1),
('27-05-2000', '27-05-2000', '27-05-2000', '27-05-2000', 'Delivery', 1),
('27-05-2000', '27-05-2000', '27-05-2000', '27-05-2000', 'Delivery', 1),
('27-05-2000', '27-05-2000', '27-05-2000', '27-05-2000', 'Delivery', 1),
('27-05-2000', '27-05-2000', '27-05-2000', '27-05-2000', 'Delivery', 1),
('27-05-2000', '27-05-2000', '27-05-2000', '27-05-2000', 'Delivery', 1),
('27-05-2000', '27-05-2000', '27-05-2000', '27-05-2000', 'Delivery', 1),
('27-05-2000', '27-05-2000', '27-05-2000', '27-05-2000', 'Delivery', 1),
('27-05-2000', '27-05-2000', '27-05-2000', '27-05-2000', 'Delivery', 1),
('27-05-2000', '27-05-2000', '27-05-2000', '27-05-2000', 'Delivery', 4);
INSERT INTO orders_details (ode_id, ode_unit_price, ode_discount, ode_quantity, ode_ord_id, ode_pro_id) VALUES
(1, '14.99', NULL, 1, 5, 10),
(2, '14.90', NULL, 1, 53, 19),
(3, '499.99', NULL, 1, 53, 22),
(4, '9.90', NULL, 1, 17, 32),
(5, '88.00', NULL, 1, 72, 12),
(6, '288.32', NULL, 1, 20, 28),
(7, '32.50', NULL, 1, 56, 29),
(8, '88.00', NULL, 1, 74, 12),
(9, '110.00', '10.00', 1, 47, 7),
(10, '9.98', NULL, 1, 16, 24),
(11, '157.00', NULL, 1, 70, 25),
(12, '149.97', NULL, 1, 37, 30),
(13, '49.00', NULL, 1, 8, 13),
(14, '88.00', NULL, 1, 32, 14),
(15, '245.00', '10.00', 1, 7, 31),
(16, '110.00', '10.00', 1, 75, 7),
(17, '245.00', NULL, 1, 79, 31),
(18, '31.19', NULL, 1, 29, 18),
(19, '149.97', NULL, 1, 91, 30),
(20, '31.19', NULL, 1, 54, 18),
(21, '88.00', NULL, 1, 68, 12),
(22, '599.99', NULL, 1, 35, 21),
(23, '49.00', NULL, 1, 24, 13),
(24, '245.00', NULL, 1, 78, 31),
(25, '299.40', NULL, 1, 94, 26),
(26, '110.00', '10.00', 1, 35, 7),
(27, '135.90', NULL, 1, 77, 11),
(28, '12.00', NULL, 1, 83, 23),
(29, '157.00', NULL, 1, 81, 25),
(30, '299.40', NULL, 1, 48, 26),
(31, '288.32', NULL, 1, 95, 28),
(32, '110.00', '10.00', 1, 75, 7),
(33, '49.00', NULL, 1, 31, 13),
(34, '19.90', NULL, 1, 97, 16),
(35, '49.00', NULL, 1, 68, 13),
(36, '14.99', NULL, 1, 47, 10),
(37, '245.00', NULL, 1, 55, 31),
(38, '249.99', NULL, 1, 63, 8),
(39, '49.00', NULL, 1, 14, 13),
(40, '54.49', NULL, 1, 40, 15),
(41, '49.00', NULL, 1, 90, 13),
(42, '14.99', NULL, 1, 63, 10),
(43, '245.00', NULL, 1, 42, 31),
(44, '31.19', NULL, 1, 66, 18),
(45, '89.00', NULL, 1, 26, 27),
(46, '110.00', '10.00', 1, 87, 7),
(47, '9.90', NULL, 1, 11, 32),
(48, '249.99', NULL, 10, 9, 8),
(49, '599.99', NULL, 1, 93, 21),
(50, '19.90', NULL, 1, 81, 16),
(51, '135.90', NULL, 1, 47, 11),
(52, '157.00', NULL, 1, 70, 25),
(53, '110.00', '10.00', 1, 6, 7),
(54, '499.99', NULL, 1, 61, 22),
(55, '32.50', NULL, 1, 89, 29),
(56, '135.90', NULL, 1, 67, 11),
(57, '49.00', NULL, 1, 11, 13),
(58, '9.90', NULL, 1, 96, 32),
(59, '157.00', NULL, 1, 41, 25),
(60, '245.00', NULL, 1, 60, 31),
(61, '19.90', NULL, 1, 16, 16),
(62, '499.99', NULL, 1, 8, 22),
(63, '249.99', NULL, 1, 19, 8),
(64, '110.00', '10.00', 1, 54, 7),
(65, '299.40', NULL, 1, 62, 26),
(66, '135.90', NULL, 1, 56, 11),
(67, '149.97', NULL, 1, 52, 30),
(68, '245.00', NULL, 1, 53, 31),
(69, '19.90', NULL, 1, 52, 16),
(70, '9.98', NULL, 1, 21, 24),
(71, '9.90', NULL, 1, 23, 32),
(72, '14.99', NULL, 1, 37, 10),
(73, '149.97', NULL, 1, 27, 30),
(74, '32.50', NULL, 1, 60, 29),
(75, '32.50', NULL, 1, 40, 29),
(76, '14.90', NULL, 1, 54, 19),
(77, '88.00', NULL, 1, 25, 14),
(78, '88.00', NULL, 1, 85, 12),
(79, '599.99', NULL, 1, 51, 21),
(80, '599.99', NULL, 1, 2, 21),
(81, '14.99', NULL, 1, 97, 10),
(82, '9.90', NULL, 1, 37, 32),
(83, '9.98', NULL, 1, 47, 24),
(84, '14.90', NULL, 1, 70, 19),
(85, '49.00', NULL, 1, 43, 13),
(86, '31.19', NULL, 1, 56, 20),
(87, '19.90', NULL, 1, 72, 16),
(88, '245.00', NULL, 1, 20, 31),
(89, '31.19', NULL, 1, 4, 20),
(90, '54.49', NULL, 1, 86, 15),
(91, '24.90', NULL, 1, 14, 17),
(92, '249.99', NULL, 1, 67, 8),
(93, '288.32', NULL, 1, 6, 28),
(94, '110.00', '10.00', 1, 58, 7),
(95, '110.00', '20.00', 2, 12, 7),
(96, '88.00', NULL, 1, 100, 12),
(97, '88.00', NULL, 1, 48, 12),
(98, '245.00', NULL, 1, 17, 31),
(99, '88.00', NULL, 1, 39, 12),
(100, '149.97', NULL, 1, 15, 30);
INSERT INTO posts (pos_libelle) VALUES
('bureau'),
('maison'),
('bureau'),
('maison'),
('bureau'),
('maison'),
('bureau'),
('maison'),
('bureau'),
('maison'),
('bureau'),
('maison'),
('bureau'),
('maison'),
('bureau'),
('maison'),
('bureau'),
('maison'),
('bureau'),
('maison'),
('bureau'),
('maison'),
('bureau'),
('maison'),
('bureau'),
('maison'),
('bureau'),
('maison');
INSERT INTO employees (emp_superior_id, emp_pos_id, emp_lastname, emp_firstname, emp_address, emp_zipcode, emp_city, emp_mail, emp_phone, emp_salary, emp_enter_date, emp_gender, emp_children) VALUES
(1, 1, 'Labelle', 'Labete', 'Village', '500', 'Paris', 'labellelabete@ubuntu.fr', '554456', '1300', '20-05-2019', 'Male', '3'),
(2, 2, 'Labelle', 'Labete', 'Village', '500', 'Paris', 'labellelabete@ubuntu.fr', '554456', '1300', '20-05-2019', 'Male', '3');

